{"cameraMode":{"drawMode":0,"name":"Shaded","section":"Shading Mode"},"sceneLighting":false,"audioPlay":false,"sceneViewState":{"showFog":true,"showMaterialUpdate":false,"showSkybox":false,"showFlares":true,"showImageEffects":true,"showParticleSystems":true},"in2DMode":false,"pivot":{"x":-4.88031005859375,"y":-40.62061309814453,"z":415.529541015625},"rotation":{"x":0.009120446629822255,"y":0.6498118042945862,"z":-0.0077981166541576389,"w":0.7600005865097046},"size":253.92984008789063,"orthographic":false}